id,group,description,columns,domain,spice_level,visibility,flags,aliases
1001,Bodies,Skinny,Partner,irl,1,default,appearance,
1002,Bodies,Chubby,Partner,irl,1,default,appearance,
1003,Bodies,Fit,Partner,irl,1,default,appearance,
1004,Bodies,Muscular,Partner,irl,1,default,appearance,
1005,Bodies,Small Breasts,Partner,irl,1,default,appearance,
1006,Bodies,Large Breasts,Partner,irl,1,default,appearance,
1007,Bodies,Small Cocks,Partner,irl,1,default,appearance,
1008,Bodies,Large Cocks,Partner,irl,1,default,appearance,
1009,Bodies,Hairy Body,Partner,irl,1,default,appearance,
1033,Bodies,Some Body Hair,Partner,irl,1,default,appearance,
1010,Bodies,Shaved Body,Partner,irl,1,default,appearance,
1011,Bodies,Hairy Crotch,Partner,irl,1,default,appearance,
1012,Bodies,Trimmed Crotch,Partner,irl,1,default,appearance,
1013,Bodies,Shaved Crotch,Partner,irl,1,default,appearance,
1014,Bodies,Pregnant,Partner,irl,2,default,appearance|pregnancy,
1015,Bodies,Tall,Partner,irl,1,default,appearance,
1016,Bodies,Short,Partner,irl,1,default,appearance,
1017,Bodies,Tanned,Partner,irl,1,default,appearance,
1018,Bodies,Pale,Partner,irl,1,default,appearance,
1019,Bodies,Freckles,Partner,irl,1,default,appearance,
1020,Bodies,Some Tattoos,Partner,irl,1,default,appearance|body_modification,
1021,Bodies,Lots of Tattoos,Partner,irl,1,default,appearance|body_modification,
1022,Bodies,Nonsexual piercings,Partner,irl,1,default,appearance|body_modification,
1023,Bodies,Nipple piercings,Partner,irl,2,default,appearance|body_modification,
1024,Bodies,Genital piercings,Partner,irl,2,default,appearance|body_modification,
1025,Bodies,Bald Hair,Partner,irl,1,default,appearance,
1026,Bodies,Short Hair,Partner,irl,1,default,appearance,
1027,Bodies,Long Hair,Partner,irl,1,default,appearance,
1028,Bodies,Very long Hair,Partner,irl,1,default,appearance,
1029,Bodies,Glasses,Partner,irl,1,default,appearance,
1030,Bodies,Plus-sized,Partner,irl,1,default,appearance,
1031,Bodies,Redhead,Partner,irl,1,default,appearance,
1032,Bodies,Dyed Hair (unnatural colors),Partner,irl,1,default,appearance,
1034,Bodies,Some Beard,Partner,irl,1,default,appearance,
1035,Bodies,Large Beard,Partner,irl,1,default,appearance,
23001,Body/Style Archetypes,Twinks,Partner,irl,1,default,appearance|archetype,
23002,Body/Style Archetypes,Otters,Partner,irl,1,default,appearance|archetype,
23003,Body/Style Archetypes,Bears,Partner,irl,1,default,appearance|archetype,
23004,Body/Style Archetypes,Hunk,Partner,irl,1,default,appearance|archetype,
23005,Body/Style Archetypes,Femboy,Partner,irl,2,default,appearance|archetype|gender_expression,
23006,Body/Style Archetypes,E-Boy,Partner,irl,2,default,appearance|archetype|gender_expression,
23007,Body/Style Archetypes,Sissy,Partner,irl,3,opt_in,appearance|archetype|gender_expression|degradation,
23008,Body/Style Archetypes,Tomboy,Partner,irl,2,default,appearance|archetype|gender_expression,
23009,Body/Style Archetypes,E-Girl,Partner,irl,2,default,appearance|archetype|gender_expression,
2001,Clothing,Clothed Sex,Self; Partner,irl,1,default,clothing,
2002,Clothing,CFNM,Self; Partner,irl,1,default,clothing,
2003,Clothing,CMNF,Self; Partner,irl,1,default,clothing,
2004,Clothing,Lingerie,Self; Partner,irl,1,default,clothing,
2005,Clothing,Kneesocks,Self; Partner,irl,1,default,clothing,
2006,Clothing,Stockings and/or Garterbelt,Self; Partner,irl,1,default,clothing,
2007,Clothing,High Heels,Self; Partner,irl,1,default,clothing,
2008,Clothing,Knee-high boots,Self; Partner,irl,1,default,clothing,
2009,Clothing,Corset,Self; Partner,irl,2,default,clothing,
2010,Clothing,Gloves,Self; Partner,irl,1,default,clothing,
2011,Clothing,Harness,Self; Partner,irl,2,default,clothing,
2012,Clothing,Leather,Self; Partner,irl,2,default,clothing,
2013,Clothing,Latex,Self; Partner,irl,2,default,clothing,
2014,Clothing,Spandex,Self; Partner,irl,1,default,clothing,
2015,Clothing,Gas Masks,Self; Partner,irl,4,opt_in,clothing|breath|safety,
2016,Clothing,Uniform/​Costume,Self; Partner,irl,2,default,clothing|costume|roleplay,
2017,Clothing,Cosplay,Self; Partner,irl,2,default,clothing|costume|roleplay,
2018,Clothing,Crossdressing,Self; Partner,irl,2,default,clothing|gender_expression,
2019,Clothing,Soft Gloves,Self; Partner,irl,1,default,clothing,
2020,Clothing,Choker,Self; Partner,irl,2,default,clothing,
2021,Clothing,Masks,Self; Partner,irl,2,default,clothing,
2022,Clothing,Fishnets,Self; Partner,irl,1,default,clothing,
2023,Clothing,Formal/Business Clothing,Self; Partner,irl,1,default,clothing,
3001,Groupings,You and 1 male,Self,irl,1,default,partner_count,
3002,Groupings,You and 1 female,Self,irl,1,default,partner_count,
3003,Groupings,You and MtF trans,Self,irl,1,default,partner_count,
3004,Groupings,You and FtM trans,Self,irl,1,default,partner_count,
3005,Groupings,"You and 1 male, 1 female",Self,irl,2,default,partner_count|group_sex,
3006,Groupings,You and 2 females,Self,irl,2,default,partner_count|group_sex,
3007,Groupings,You and 2 males,Self,irl,2,default,partner_count|group_sex,
3008,Groupings,Orgy,Self,irl,3,opt_in,partner_count|group_sex,
4001,Positions,Missionary,Giving; Receiving,irl,1,default,position,
4002,Positions,Doggystyle,Giving; Receiving,irl,1,default,position,
4003,Positions,Sixty-Nine,Giving; Receiving,irl,1,default,position,
4004,Positions,Cowgirl,Giving; Receiving,irl,1,default,position,
4005,Positions,Reverse-Cowgirl,Giving; Receiving,irl,1,default,position,
4006,Positions,Piledriver,Giving; Receiving,irl,2,default,position|physical_intensity,
4007,Positions,Mating Press,Giving; Receiving,irl,2,default,position|physical_intensity,
4008,Positions,Spit Roasting,Giving; Receiving,irl,3,opt_in,position|group_sex,
4009,Positions,Prone Bone,Giving; Receiving,irl,1,default,position,
4010,Positions,Spooning,Giving; Receiving,irl,1,default,position,
4011,Positions,Sex Swing,Giving; Receiving,irl,2,default,position|physical_intensity,
4012,Positions,Lotus,Giving; Receiving,irl,1,default,position,
5001,Specific to persons with a penis,Handjob,Giving; Receiving,irl,1,default,genital|penis,
5002,Specific to persons with a penis,Blowjob,Giving; Receiving,irl,1,default,genital|penis,
5003,Specific to persons with a penis,Deepthroat,Giving; Receiving,irl,3,opt_in,genital|penis|oral|breath|safety,
5004,Specific to persons with a penis,Facefuck,Giving; Receiving,irl,4,opt_in,genital|penis|oral|power_exchange|breath|safety,
5005,Specific to persons with a penis,Teabagging,Giving; Receiving,irl,3,opt_in,genital|penis|degradation,
5006,Specific to persons with a penis,Cockring,Giving; Receiving,irl,2,default,genital|penis|safety,
5007,Specific to persons with a penis,Frottage,Giving; Receiving,irl,1,default,genital|penis,
5008,Specific to persons with a penis,Thighjob,Giving; Receiving,irl,1,default,genital|penis,
5009,Specific to persons with a penis,Assjob,Giving; Receiving,irl,2,default,genital|penis,
5010,Specific to persons with a penis,Docking,Giving; Receiving,irl,2,default,genital|penis,foreskin_docking
5011,Specific to persons with a penis,Flaccid Play,Giving; Receiving,irl,2,default,genital|penis,
6001,Specific to persons with a vagina,Fingering,Giving; Receiving,irl,1,default,genital|vagina,
6002,Specific to persons with a vagina,Cunnilingus,Giving; Receiving,irl,1,default,genital|vagina,
6003,Specific to persons with a vagina,Facesitting,Giving; Receiving,irl,2,default,genital|vagina|breath,
6004,Specific to persons with a vagina,Fisting,Giving; Receiving,irl,4,opt_in,genital|vagina|safety|stretching,
6005,Specific to persons with a vagina,Double Vaginal Penetration,Giving; Receiving,irl,4,opt_in,genital|vagina|group_sex,
6006,Specific to persons with a vagina,Titjob / Paizuri,Giving; Receiving,irl,1,default,genital|vagina,
6007,Specific to persons with a vagina,Clit stimulation,Giving; Receiving,irl,1,default,genital|vagina,
6008,Specific to persons with a vagina,Squirting,Giving; Receiving,irl,2,default,genital|vagina|fluid,
6009,Specific to persons with a vagina,Scissoring,Giving; Receiving,irl,1,default,genital|vagina,
6010,Specific to persons with a vagina,Double Penetration,Giving; Receiving,irl,4,opt_in,genital|vagina|group_sex,
6011,Specific to persons with a vagina,Triple Penetration,Giving; Receiving,irl,5,hidden,genital|vagina|group_sex|extreme|safety,
6012,Specific to persons with a vagina,Vaginal Streching,Giving; Receiving,irl,4,opt_in,genital|vagina|stretching|safety,vaginal_stretching
7001,Touch & Stimulation,Cock/​Pussy Worship,Giving; Receiving,irl,2,default,stimulation,
7002,Touch & Stimulation,Ass Worship,Giving; Receiving,irl,2,default,stimulation,
7012,Touch & Stimulation,Breast Worship,Giving; Receiving,irl,2,default,stimulation,
7003,Touch & Stimulation,Electro Stimulation,Giving; Receiving,irl,4,opt_in,stimulation|safety,
7004,Touch & Stimulation,Tickling,Giving; Receiving,irl,2,default,stimulation,
7005,Touch & Stimulation,Sensation play,Giving; Receiving,irl,2,default,stimulation,
7006,Touch & Stimulation,Foot job,Giving; Receiving,irl,2,default,stimulation,
7007,Touch & Stimulation,Nipple play,Giving; Receiving,irl,2,default,stimulation,
7008,Touch & Stimulation,Food Play,Giving; Receiving,irl,2,opt_in,stimulation|mess,
7009,Touch & Stimulation,Temperature Play,Giving; Receiving,irl,3,opt_in,stimulation|safety,
7010,Touch & Stimulation,Massages,Giving; Receiving,irl,1,default,stimulation,
7011,Touch & Stimulation,Hickies,Giving; Receiving,irl,1,default,stimulation,
8001,Ass play,Anal sex,Giving; Receiving,irl,2,default,anal,
8002,Ass play,Pegging,Giving; Receiving,irl,2,default,anal,
8003,Ass play,Rimming,Giving; Receiving,irl,2,default,anal,
8004,Ass play,Double Anal Penetration,Giving; Receiving,irl,4,opt_in,anal|safety|stretching,
8005,Ass play,Anal Fisting,Giving; Receiving,irl,4,opt_in,anal|safety|stretching,
8006,Ass play,Anal Streching/​Training,Giving; Receiving,irl,4,opt_in,anal|safety|stretching,anal_stretching|anal_training
8007,Ass play,Gaping,Giving; Receiving,irl,4,opt_in,anal|safety|stretching,
8008,Ass play,Prolapse,Giving; Receiving,irl,5,hidden,anal|body_harm|extreme|safety,
8009,Ass play,Enema,Giving; Receiving,irl,4,opt_in,anal|safety|stretching,
8010,Ass play,Inflation/​Stomach bulge,Giving; Receiving,irl,4,opt_in,anal|safety|stretching,
9001,Toys,Realistic Dildos,Self; Partner,irl,2,default,toy,
9002,Toys,Knotted/​Canine Dildos,Self; Partner,irl,3,opt_in,toy|fantasy_toy,canine_dildo|knot_toy
9003,Toys,Horse Dildos,Self; Partner,irl,3,opt_in,toy|fantasy_toy,equine_dildo
9004,Toys,Other Fantasy Dildos,Self; Partner,irl,3,opt_in,toy|fantasy_toy,
9005,Toys,Buttplugs,Self; Partner,irl,2,default,toy,
9006,Toys,Hollow Plugs,Self; Partner,irl,3,opt_in,toy,
9007,Toys,Vibrators,Self; Partner,irl,2,default,toy,
9008,Toys,Sounding,Self; Partner,irl,4,opt_in,toy|medical|safety,
9009,Toys,Speculum,Self; Partner,irl,4,opt_in,toy|medical|safety,
9010,Toys,Ovipositor,Self; Partner,irl,4,opt_in,toy|fantasy_toy,egg_laying|ovipositing
9011,Toys,Fuck Machine,Self; Partner,irl,3,opt_in,toy|machine,
9012,Toys,Onahole,Self; Partner,irl,2,default,toy,masturbator|sleeve
9013,Toys,Strap-On,Self; Partner,irl,2,default,toy,
9014,Toys,Nipple Sucker,Self; Partner,irl,2,default,toy,
9015,Toys,Cock/Pussy Pump,Self; Partner,irl,3,opt_in,toy|safety,
9016,Toys,Anal Beads,Self; Partner,irl,2,default,toy,
9017,Toys,Magic Wand,Self; Partner,irl,2,default,toy,
10001,General,Romance/​Affection,Giving; Receiving,irl,0,default,general,
10002,General,Edging,Giving; Receiving,irl,2,default,general,
10003,General,Teasing,Giving; Receiving,irl,2,default,general,
10004,General,"JOI, SI",Giving; Receiving,irl,2,default,general|instruction,joi|si|jerk_off_instruction
10005,General,Dirty Talking,Giving; Receiving,irl,2,default,general,
10006,General,Photography/​Videotaping,Giving; Receiving,irl,3,opt_in,general|privacy|media,
10007,General,Vanilla Sex,Giving; Receiving,irl,0,default,general,
10008,General,French Kissing,Giving; Receiving,irl,0,default,general,
10009,General,Ignoring,Giving; Receiving,irl,2,default,general|power_exchange,
10010,General,Cybersex/Sexting,Giving; Receiving,irl,2,default,general|digital|privacy|media,
10011,General,Multiple orgasms/​Marathon Sex,Giving; Receiving,irl,2,default,general|endurance,
10012,General,Pet names,Giving; Receiving,irl,1,default,general,
11001,Restrictive,Ball Gag,Self; Partner,irl,3,opt_in,restraint|power_exchange|safety,
11002,Restrictive,Ring Gag,Self; Partner,irl,3,opt_in,restraint|power_exchange|safety,
11003,Restrictive,Collar,Self; Partner,irl,2,default,restraint|power_exchange,
11004,Restrictive,Leash,Self; Partner,irl,2,default,restraint|power_exchange,
11005,Restrictive,Chastity,Self; Partner,irl,3,opt_in,restraint|power_exchange|safety,
11006,Restrictive,Bondage (Light),Self; Partner,irl,2,default,restraint|power_exchange,
11007,Restrictive,Bondage (Heavy),Self; Partner,irl,3,opt_in,restraint|power_exchange|safety,
11008,Restrictive,Suspended Bondage,Self; Partner,irl,4,opt_in,restraint|power_exchange|safety,
11009,Restrictive,Encasement,Self; Partner,irl,4,opt_in,restraint|power_exchange|safety,
11010,Restrictive,Nose Hook,Self; Partner,irl,4,opt_in,restraint|power_exchange|safety,
11011,Restrictive,Anal Hook,Self; Partner,irl,5,hidden,restraint|power_exchange|extreme|safety,
11012,Restrictive,Blindfold,Self; Partner,irl,2,default,restraint|power_exchange,
11013,Restrictive,Monoglove/​Armbinder,Self; Partner,irl,4,opt_in,restraint|power_exchange|safety,
11014,Restrictive,Shibari,Self; Partner,irl,3,opt_in,restraint|power_exchange|safety,
11015,Restrictive,Bit Gag,Self; Partner,irl,3,opt_in,restraint|power_exchange|safety,
11016,Restrictive,Tape Gag,Self; Partner,irl,3,opt_in,restraint|power_exchange|safety,
12001,CNC,(Consensual) Rape,Aggressor; Target,rp,5,hidden,cnc|nonconsent_fantasy|roleplay|consent_risk,
12002,CNC,Blackmail/​Coercion,Aggressor; Target,rp,5,hidden,cnc|nonconsent_fantasy|roleplay|consent_risk,
12003,CNC,Kidnapping,Aggressor; Target,rp,5,hidden,cnc|nonconsent_fantasy|roleplay|consent_risk,
12004,CNC,Drugs/​Alcohol,Aggressor; Target,rp,5,hidden,cnc|nonconsent_fantasy|roleplay|consent_risk|substance,
12005,CNC,Sleep Play,Aggressor; Target,rp,5,hidden,cnc|nonconsent_fantasy|roleplay|consent_risk,
13001,Domination,Dominant/​Submissive,Dominant; Submissive,irl,2,default,power_exchange,
13002,Domination,Domestic servitude,Dominant; Submissive,irl,3,opt_in,power_exchange,
13003,Domination,Slavery,Dominant; Submissive,irl,4,opt_in,power_exchange|taboo,
13004,Domination,Pet Play,Dominant; Submissive,rp,3,opt_in,power_exchange|roleplay|pet_play,
13005,Domination,"DD/lg, MD/lb",Dominant; Submissive,rp,4,hidden,power_exchange|roleplay|age_play,
13006,Domination,Discipline,Dominant; Submissive,irl,2,default,power_exchange,
13007,Domination,Begging,Dominant; Submissive,irl,2,default,power_exchange,
13008,Domination,Forced orgasm,Dominant; Submissive,irl,3,opt_in,power_exchange,
13009,Domination,Orgasm control,Dominant; Submissive,irl,2,default,power_exchange,
13010,Domination,Orgasm denial,Dominant; Submissive,irl,2,default,power_exchange,
13011,Domination,Power exchange,Dominant; Submissive,irl,2,default,power_exchange,
13012,Domination,Feminization,Dominant; Submissive,irl,3,opt_in,power_exchange|gender_expression,
13013,Domination,Choking,Dominant; Submissive,irl,5,hidden,power_exchange|breath|safety,
13014,Domination,Hair Pulling,Dominant; Submissive,irl,2,default,power_exchange,
13015,Domination,Hate Sex,Dominant; Submissive,irl,4,opt_in,power_exchange|emotional_intensity,
13016,Domination,Praise,Dominant; Submissive,irl,2,default,power_exchange,
13017,Domination,Breath Play,Dominant; Submissive,irl,5,hidden,power_exchange|breath|safety,
13018,Domination,Pony Play,Dominant; Submissive,rp,3,opt_in,power_exchange|roleplay|pet_play,
13019,Domination,Overstimulation,Dominant; Submissive,irl,3,opt_in,power_exchange,
13020,Domination,Bratting,Dominant; Submissive,irl,2,default,power_exchange,
14001,Pain,Light pain,Giving; Receiving,irl,2,default,pain,
14002,Pain,Heavy pain,Giving; Receiving,irl,4,opt_in,pain|safety,
14003,Pain,Nipple Clamps,Giving; Receiving,irl,3,opt_in,pain|safety,
14004,Pain,Clothes Pins,Giving; Receiving,irl,3,opt_in,pain|safety,
14005,Pain,Caning,Giving; Receiving,irl,3,opt_in,pain|safety,
14006,Pain,Flogging,Giving; Receiving,irl,3,opt_in,pain|safety,
14007,Pain,Beating,Giving; Receiving,irl,4,hidden,pain|body_harm|safety,
14008,Pain,Spanking,Giving; Receiving,irl,2,default,pain,
14009,Pain,Cock/​Pussy Slapping,Giving; Receiving,irl,4,opt_in,pain|genital|safety,
14010,Pain,Cock/​Pussy Torture,Giving; Receiving,irl,5,hidden,pain|genital|body_harm|extreme|safety,
14011,Pain,Nipple Torture,Giving; Receiving,irl,3,opt_in,pain|safety,
14012,Pain,Hot wax,Giving; Receiving,irl,3,opt_in,pain|safety,
14013,Pain,Scratching,Giving; Receiving,irl,2,default,pain,
14014,Pain,Biting,Giving; Receiving,irl,2,default,pain,
14015,Pain,Cutting/​Knife Play,Giving; Receiving,irl,5,hidden,pain|knife|body_harm|safety,
14016,Pain,Needle Play/​Piercing (temporary),Giving; Receiving,irl,4,opt_in,pain|medical|safety,
14017,Pain,Scarring,Giving; Receiving,irl,5,hidden,pain|body_harm|permanent_marking|safety,
14018,Pain,Branding,Giving; Receiving,irl,5,hidden,pain|body_harm|permanent_marking|safety,
15001,Degradation,Name Calling,Giving; Receiving,irl,2,opt_in,degradation|power_exchange,
15002,Degradation,Humiliation,Giving; Receiving,irl,3,opt_in,degradation|power_exchange,
15003,Degradation,Body Writing,Giving; Receiving,irl,3,opt_in,degradation|power_exchange,
15004,Degradation,Glory Hole,Giving; Receiving,irl,3,opt_in,degradation|power_exchange|anonymous|public,
15005,Degradation,Forced Exposure,Giving; Receiving,irl,5,hidden,degradation|power_exchange|public|privacy|consent_risk,
15006,Degradation,Lending out,Giving; Receiving,irl,5,hidden,degradation|power_exchange|public|privacy|consent_risk,
15007,Degradation,Public Use,Giving; Receiving,irl,5,hidden,degradation|power_exchange|public|privacy|consent_risk,
15008,Degradation,Spitting,Giving; Receiving,irl,3,opt_in,degradation|power_exchange,
16001,Misc. Fetish,Free Use,Self; Partner,irl,4,opt_in,misc|consent_risk|power_exchange,
16002,Misc. Fetish,Swinging,Self; Partner,irl,3,opt_in,misc|group_sex,
16003,Misc. Fetish,Cheating,Self; Partner,irl,3,hidden,misc|relationship_breach|consent_risk,
16004,Misc. Fetish,Exhibitionism,Self; Partner,irl,4,hidden,misc|public|privacy|consent_risk,
16005,Misc. Fetish,Voyeurism,Self; Partner,irl,4,hidden,misc|public|privacy|consent_risk,
16006,Misc. Fetish,Furry,Self; Partner,rp,2,opt_in,misc|furry|roleplay,
16007,Misc. Fetish,Foot fetish,Self; Partner,irl,2,default,misc|body_part,
16008,Misc. Fetish,Bimbofication/​-ism,Self; Partner,irl,3,opt_in,misc|body_modification|power_exchange,
16009,Misc. Fetish,Gangbang,Self; Partner,irl,4,opt_in,misc|group_sex,
16010,Misc. Fetish,Cuckold/​Cuckquean,Self; Partner,irl,3,opt_in,misc|relationship_dynamic,
16011,Misc. Fetish,Diaper Play,Self; Partner,rp,4,opt_in,misc|roleplay|bodily_function,
16012,Misc. Fetish,Shooting Porn,Self; Partner,irl,3,opt_in,misc|privacy|media,
16013,Misc. Fetish,Loudness,Self; Partner,irl,1,default,misc,
16014,Misc. Fetish,Mirror Sex,Self; Partner,irl,1,default,misc,
16015,Misc. Fetish,Armpits,Self; Partner,irl,2,default,misc|body_part,
16016,Misc. Fetish,Socks,Self; Partner,irl,1,default,misc|object,
16017,Misc. Fetish,Hypnotism,Self; Partner,irl,4,hidden,misc|consent_risk|mind_control_fantasy,
16018,Misc. Fetish,Used Underwear,Self; Partner,irl,3,opt_in,misc|object,
16019,Misc. Fetish,Oiled,Self; Partner,irl,1,default,misc,
16020,Misc. Fetish,Roleplay,Self; Partner,rp,2,default,misc|roleplay,
16021,Misc. Fetish,Strangers,Self; Partner,irl,3,opt_in,misc|safety,
16022,Misc. Fetish,Crying,Self; Partner,irl,4,hidden,misc|emotional_intensity|consent_risk,
16023,Misc. Fetish,Scent/Musk,Self; Partner,irl,2,default,misc|scent,
16024,Misc. Fetish,Age Play,Self; Partner,rp,4,hidden,misc|roleplay|age_play,
17001,Coomies,Facial,Giving; Receiving,irl,2,default,semen,
17002,Coomies,Bukkake,Giving; Receiving,irl,3,opt_in,semen|group_sex,
17003,Coomies,Swallowing,Giving; Receiving,irl,2,default,semen,
17004,Coomies,Cum on Back/Butt,Giving; Receiving,irl,2,default,semen,
17005,Coomies,Cum on Stomach/​Genitals,Giving; Receiving,irl,2,default,semen,
17006,Coomies,Cum on Breasts,Giving; Receiving,irl,2,default,semen,
17007,Coomies,Creampie,Giving; Receiving,irl,2,default,semen,
17008,Coomies,Anal Creampie,Giving; Receiving,irl,3,opt_in,semen,
17009,Coomies,Cum swapping,Giving; Receiving,irl,3,opt_in,semen,
17010,Coomies,Cum Eating,Giving; Receiving,irl,3,opt_in,semen,
17011,Coomies,Breeding,Giving; Receiving,irl,3,opt_in,semen|pregnancy,
17012,Coomies,Sloppy Seconds,Giving; Receiving,irl,3,opt_in,semen,
18001,Fluids,Lactation,Giving; Receiving,irl,4,opt_in,fluid|biohazard,
18002,Fluids,Smegma,Giving; Receiving,irl,4,opt_in,fluid|biohazard,
18003,Fluids,Watersports,Giving; Receiving,irl,4,opt_in,fluid|biohazard,
18004,Fluids,Piss Drinking,Giving; Receiving,irl,4,opt_in,fluid|biohazard,
18005,Fluids,Internal Urination,Giving; Receiving,irl,4,opt_in,fluid|biohazard,
18006,Fluids,Scat,Giving; Receiving,irl,5,hidden,fluid|biohazard|extreme,
18007,Fluids,Blood,Giving; Receiving,irl,5,hidden,fluid|biohazard|body_harm|safety,
19001,Fantasy,Incest,General,rp,5,hidden,fantasy|roleplay|taboo|incest_fantasy,
19002,Fantasy,Bestiality,General,rp,5,hidden,fantasy|roleplay|animal|taboo|illegal_fantasy,
19003,Fantasy,Rape,General,rp,5,hidden,fantasy|roleplay|nonconsent_fantasy|consent_risk,
19004,Fantasy,Lolicon,General,rp,5,blocked,fantasy|roleplay|sexualized_minor|blocked_public,
19005,Fantasy,Onee-Shota,General,rp,5,blocked,fantasy|roleplay|sexualized_minor|blocked_public,
19006,Fantasy,Furries,General,rp,2,opt_in,fantasy|roleplay|furry,furry
19007,Fantasy,Gender Change,General,rp,2,opt_in,fantasy|roleplay|gender_change,
19008,Fantasy,Transformation,General,rp,3,opt_in,fantasy|roleplay|transformation,
19009,Fantasy,Cumflation,General,rp,4,opt_in,fantasy|roleplay|inflation,
19010,Fantasy,Tentacles,General,rp,3,opt_in,fantasy|roleplay|tentacles,
19011,Fantasy,All the way through,General,rp,5,hidden,fantasy|roleplay|extreme|body_harm,
19012,Fantasy,X-Ray,General,media,2,opt_in,fantasy|roleplay|visual_trope,
19013,Fantasy,Impregnation,General,rp,3,opt_in,fantasy|roleplay|pregnancy,
19014,Fantasy,Nipple Penetration,General,rp,4,opt_in,fantasy|roleplay|extreme,
19015,Fantasy,Vore,General,rp,5,hidden,fantasy|roleplay|vore|body_harm|extreme,
19016,Fantasy,Futanari,General,rp,3,opt_in,fantasy|roleplay|gender_expression,futa
20001,Erotica Media,Text,General,media,1,default,media,
20002,Erotica Media,Images (real),General,media,1,default,media,
20003,Erotica Media,Images (fictional),General,media,1,default,media,
20004,Erotica Media,Professional Porn,General,media,1,default,media,
20005,Erotica Media,Amateur Porn,General,media,1,default,media,
20006,Erotica Media,Hentai,General,media,2,default,media|fictional_media,
20007,Erotica Media,Hentai Manga,General,media,2,default,media|fictional_media,
20008,Erotica Media,Eroge,General,media,2,default,media|fictional_media,
21001,Ethnicities,Caucasian/Middle European,Partner,irl,1,opt_in,demographic|ethnicity|sensitive_demographic,
21002,Ethnicities,Northern European,Partner,irl,1,opt_in,demographic|ethnicity|sensitive_demographic,
21003,Ethnicities,Southern European,Partner,irl,1,opt_in,demographic|ethnicity|sensitive_demographic,
21004,Ethnicities,Japanese,Partner,irl,1,opt_in,demographic|ethnicity|sensitive_demographic,
21005,Ethnicities,Korean,Partner,irl,1,opt_in,demographic|ethnicity|sensitive_demographic,
21006,Ethnicities,Chinese,Partner,irl,1,opt_in,demographic|ethnicity|sensitive_demographic,
21007,Ethnicities,South-Asian,Partner,irl,1,opt_in,demographic|ethnicity|sensitive_demographic,
21008,Ethnicities,Indian,Partner,irl,1,opt_in,demographic|ethnicity|sensitive_demographic,
21009,Ethnicities,African,Partner,irl,1,opt_in,demographic|ethnicity|sensitive_demographic,
21010,Ethnicities,Afro-American,Partner,irl,1,opt_in,demographic|ethnicity|sensitive_demographic,
21011,Ethnicities,Latinos,Partner,irl,1,opt_in,demographic|ethnicity|sensitive_demographic,
21012,Ethnicities,Arabs,Partner,irl,1,opt_in,demographic|ethnicity|sensitive_demographic,
22004,Age Groups,18 - 21,Partner,irl,2,opt_in,demographic|age_group|sensitive_demographic|young_adult,
22005,Age Groups,22 - 26,Partner,irl,1,opt_in,demographic|age_group|sensitive_demographic,
22006,Age Groups,27 - 32,Partner,irl,1,opt_in,demographic|age_group|sensitive_demographic,
22007,Age Groups,33 - 40,Partner,irl,1,opt_in,demographic|age_group|sensitive_demographic,
22008,Age Groups,41 - 50,Partner,irl,1,opt_in,demographic|age_group|sensitive_demographic,
22009,Age Groups,51 - 60,Partner,irl,1,opt_in,demographic|age_group|sensitive_demographic,
22010,Age Groups,61 - 70,Partner,irl,1,opt_in,demographic|age_group|sensitive_demographic,
22011,Age Groups,70 +,Partner,irl,1,opt_in,demographic|age_group|sensitive_demographic,
